,h,k,p,option,total_time,Utility Loss,pub_trans after anonymization,rows
0,0.8,2,2,m-suppress-all,10.897604703903198,100.0,0,1000
0,0.8,2,2,m-half,8.340709209442139,97.9933110367893,140,1000
0,0.8,2,2,m-only-max,484.26904249191284,95.65217391304348,289,1000
0,0.8,2,2,Top_x-10,61.719669580459595,96.98996655518394,184,1000
0,0.8,2,2,Top_x-15,40.485955238342285,96.65551839464882,211,1000
0,0.8,2,2,Top_x-20,32.877782583236694,98.99665551839465,68,1000
